WP_000010023.1	WP_000010001.1	99.416	1.0
WP_000020206.1	WP_000020199.1	99.057	1.0
WP_000025170.1	WP_000025135.1	98.295	1.0
WP_000030375.1	WP_000030375.1	100.0	1.0
WP_000034070.1	WP_000034151.1	98.148	1.0
WP_000040744.1	WP_000040764.1	97.743	1.0
WP_000051414.1	WP_000051415.1	98.701	1.0
WP_000055473.1	WP_000055463.1	97.619	1.0
WP_000056287.1	WP_000056222.1	98.062	1.0
WP_000061426.1	WP_000061441.1	98.667	1.0
WP_000062693.1	WP_000062669.1	98.889	1.0
WP_000068229.1	WP_000068242.1	99.511	1.0
WP_000069552.1	WP_000069596.1	94.898	0.9849246231155779
WP_000070428.1	WP_001064464.1	97.279	1.0
WP_000070762.1	WP_000070768.1	98.182	1.0
WP_000071337.1	WP_000071328.1	97.826	1.0
WP_000071832.1	WP_000071821.1	98.48	1.0
WP_000080517.1	WP_000080506.1	99.602	1.0
WP_000086582.1	WP_000086592.1	97.753	1.0
WP_000090248.1	WP_000090248.1	100.0	1.0
WP_000090814.1	WP_000090809.1	99.167	1.0
WP_000091354.1	WP_000089203.1	96.059	1.0
WP_000091385.1	WP_000091384.1	98.925	1.0
WP_000101862.1	WP_000101814.1	99.566	1.0
WP_000119326.1	WP_000119318.1	99.038	1.0
WP_000120017.1	WP_000119978.1	95.283	1.0
WP_000125260.1	WP_042964679.1	97.771	1.0
WP_000133864.1	WP_000133885.1	98.788	1.0
WP_000135247.1	WP_000135250.1	99.519	1.0
WP_000138099.1	WP_000138087.1	97.778	1.0
WP_000142286.1	WP_000142250.1	97.436	1.0
WP_000166674.1	WP_000162267.1	96.575	1.0
WP_000174108.1	WP_000174130.1	93.333	0.9615384615384616
WP_000187329.1	WP_000187118.1	96.622	1.0
WP_000201859.1	WP_000201853.1	99.125	1.0
WP_000216134.1	WP_000216125.1	97.368	1.0
WP_000230602.1	WP_000230572.1	95.89	1.0
WP_000236854.1	WP_000236875.1	95.5	1.0
WP_000237248.1	WP_000237280.1	96.401	1.0
WP_000238172.1	WP_000238135.1	98.089	1.0
WP_000238762.1	WP_000238762.1	100.0	1.0
WP_000242348.1	WP_000242349.1	99.608	1.0
WP_000243404.1	WP_000925186.1	98.571	1.0
WP_000244692.1	WP_000498446.1	94.737	1.0
WP_000245805.1	WP_000245805.1	100.0	1.0
WP_000245957.1	WP_000245963.1	99.16	1.0
WP_000248507.1	WP_000248522.1	99.371	1.0
WP_000258279.1	WP_000258283.1	99.242	1.0
WP_000260911.1	WP_000260859.1	95.139	1.0
WP_000261674.1	WP_000261726.1	97.611	1.0
WP_000272469.1	WP_000332994.1	97.561	1.0
WP_000323709.1	WP_000323695.1	98.419	1.0
WP_000343420.1	WP_000343415.1	96.35	1.0
WP_000347746.1	WP_000347783.1	98.571	1.0
WP_000347926.1	WP_000347915.1	97.0	1.0
WP_000353244.1	WP_000353241.1	99.583	1.0
WP_000353434.1	WP_000353458.1	94.22	1.0
WP_000362130.1	WP_000362121.1	96.61	1.0
WP_000366185.1	WP_000366185.1	100.0	1.0
WP_000371114.1	WP_000371130.1	98.898	1.0
WP_000380638.1	WP_000380647.1	98.031	1.0
WP_000383761.1	WP_000383778.1	98.214	1.0
WP_000384125.1	WP_001846772.1	99.429	1.0
WP_000384500.1	WP_025444684.1	95.0	0.9615384615384616
WP_000392976.1	WP_000393024.1	97.473	1.0
WP_000393402.1	WP_000393406.1	99.479	1.0
WP_000394805.1	WP_000394806.1	96.296	1.0
WP_000395323.1	WP_000395313.1	99.476	1.0
WP_000395382.1	WP_000395375.1	97.802	1.0
WP_000397807.1	WP_000397786.1	97.885	1.0
WP_000398028.1	WP_000398080.1	97.628	0.9981785063752276
WP_000401225.1	WP_000401225.1	100.0	1.0
WP_000401686.1	WP_000401714.1	99.038	1.0
WP_000403575.1	WP_000403575.1	100.0	1.0
WP_000412964.1	WP_000412947.1	98.026	1.0
WP_000413462.1	WP_000413462.1	100.0	1.0
WP_000418838.1	WP_000418809.1	97.99	1.0
WP_000418875.1	WP_000418864.1	98.765	1.0
WP_000426968.1	WP_000427004.1	97.222	1.0
WP_000428894.1	WP_000428883.1	96.0	1.0
WP_000431969.1	WP_000431914.1	98.558	1.0
WP_000434006.1	WP_000529349.1	97.51	1.0019193857965452
WP_000437154.1	WP_000437145.1	92.81	1.0
WP_000438071.1	WP_000438056.1	98.113	1.0
WP_000439506.1	WP_000439508.1	99.262	1.0
WP_000440196.1	WP_000440196.1	100.0	1.0
WP_000445741.1	WP_000445741.1	100.0	1.0
WP_000453997.1	WP_000453999.1	99.12	1.0
WP_000461011.1	WP_000461024.1	96.667	1.0
WP_000461837.1	WP_000461837.1	100.0	1.0
WP_000461999.1	WP_000461981.1	98.413	1.0
WP_000464190.1	WP_000464208.1	97.802	1.0
WP_000466835.1	WP_000466848.1	93.443	1.0338983050847457
WP_000467388.1	WP_000467399.1	98.895	1.0
WP_000468328.1	WP_000468330.1	98.649	0.9736842105263158
WP_000468794.1	WP_000468790.1	96.61	1.0
WP_000473457.1	WP_000473425.1	94.805	1.0
WP_000473932.1	WP_000473912.1	97.638	1.0
WP_000476712.1	WP_000476691.1	96.277	1.0
WP_000478114.1	WP_000478084.1	97.756	1.0
WP_000480110.1	WP_000480097.1	97.516	1.0
WP_000482444.1	WP_000482414.1	93.923	1.0
WP_000482641.1	WP_000481884.1	97.757	1.0
WP_000486455.1	WP_000486467.1	99.462	1.0
WP_000494624.1	WP_000494633.1	97.653	1.0
WP_000495097.1	WP_000495094.1	99.091	1.0
WP_000505071.1	WP_000505053.1	98.27	1.0
WP_000505476.1	WP_000505472.1	99.31	1.0
WP_000508881.1	WP_000508899.1	99.01	1.0
WP_000516036.1	WP_000516078.1	96.951	1.0
WP_000522167.1	WP_000522167.1	100.0	1.0
WP_000523105.1	WP_000523106.1	98.936	1.0
WP_000523509.1	WP_000523527.1	97.661	1.0
WP_000532109.1	WP_000532084.1	98.75	1.0
WP_000534759.1	WP_000534771.1	99.102	1.0
WP_000538532.1	WP_000538549.1	96.413	1.0
WP_000539088.1	WP_000539103.1	97.959	1.0
WP_000540576.1	WP_000540573.1	99.487	1.0
WP_000542834.1	WP_000542869.1	99.217	1.0
WP_000545269.1	WP_000545280.1	99.145	1.0
WP_000554089.1	WP_000554116.1	96.667	1.0
WP_000562364.1	WP_000562355.1	95.455	1.0
WP_000562644.1	WP_000562619.1	98.563	1.0
WP_000569296.1	WP_000569296.1	100.0	1.0
WP_000573710.1	WP_042964660.1	99.556	1.0
WP_000577746.1	WP_000577765.1	98.847	1.0
WP_000579769.1	WP_000579761.1	97.0	1.0
WP_000583090.1	WP_000583097.1	98.824	1.0
WP_000584948.1	WP_000584956.1	97.701	1.0
WP_000593734.1	WP_000593725.1	96.341	1.0
WP_000599865.1	WP_000599885.1	98.955	1.0
WP_000603441.1	WP_000601458.1	97.965	1.0
WP_000609406.1	WP_000609401.1	99.048	1.0
WP_000616110.1	WP_000616110.1	100.0	1.0
WP_000621605.1	WP_000562739.1	97.945	1.0
WP_000623822.1	WP_000623798.1	97.943	1.0
WP_000625463.1	WP_000625456.1	99.07	1.0
WP_000635099.1	WP_000635172.1	96.721	1.0
WP_000635378.1	WP_000635404.1	94.712	1.0
WP_000655115.1	WP_000655178.1	98.182	1.0
WP_000656179.1	WP_000656174.1	99.231	1.0
WP_000656207.1	WP_000656201.1	97.917	1.0
WP_000659409.1	WP_000659451.1	97.685	1.0
WP_000661842.1	WP_000661840.1	99.333	1.0
WP_000665811.1	WP_000665817.1	96.8	1.0
WP_000669965.1	WP_000669967.1	98.095	1.0
WP_000670514.1	WP_000670506.1	94.118	1.0
WP_000671934.1	WP_000671934.1	100.0	1.0
WP_000672952.1	WP_000672977.1	99.127	1.0
WP_000680257.1	WP_000680224.1	97.748	1.0
WP_000688273.1	WP_000688223.1	95.855	0.9948453608247423
WP_000709966.1	WP_000709989.1	99.578	1.0
WP_000712202.1	WP_000712202.1	100.0	1.0
WP_000712830.1	WP_000712783.1	92.254	1.0
WP_000715278.1	WP_000715278.1	100.0	1.0
WP_000717228.1	WP_000717255.1	96.025	1.0
WP_000719131.1	WP_000755201.1	91.765	1.0119047619047619
WP_000724308.1	WP_000724295.1	99.824	1.0
WP_000734132.1	WP_015056103.1	96.97	1.0
WP_000739442.1	WP_000739470.1	96.99	1.0
WP_000743087.1	WP_000743087.1	100.0	1.0
WP_000746757.1	WP_000746824.1	97.625	1.0
WP_000748354.1	WP_000748319.1	96.286	1.0
WP_000748926.1	WP_001254659.1	93.571	1.0
WP_000755082.1	WP_000755082.1	100.0	1.0
WP_000756650.1	WP_000756697.1	94.845	1.0
WP_000763586.1	WP_000763575.1	98.87	1.0
WP_000763613.1	WP_000763613.1	100.0	1.0
WP_000763657.1	WP_000763654.1	98.204	1.0
WP_000766502.1	WP_000766480.1	98.026	1.0
WP_000770471.1	WP_000770472.1	99.627	1.0
WP_000772146.1	WP_000772151.1	98.387	1.0
WP_000776452.1	WP_000776464.1	97.857	1.0
WP_000779233.1	WP_000779223.1	99.58	1.0
WP_000780111.1	WP_000780126.1	98.93	1.0
WP_000780404.1	WP_000780430.1	98.489	1.0
WP_000785486.1	WP_000785454.1	99.065	1.0
WP_000785772.1	WP_000785752.1	95.652	1.0
WP_000790195.1	WP_000790221.1	99.332	1.0
WP_000790555.1	WP_001244602.1	96.341	1.0
WP_000795972.1	WP_000795978.1	98.857	1.0
WP_000796844.1	WP_000796857.1	97.486	1.0
WP_000797032.1	WP_000797017.1	99.454	1.0
WP_000797689.1	WP_000797699.1	98.305	1.0
WP_000803094.1	WP_001863038.1	96.089	1.0
WP_000806058.1	WP_000806072.1	96.429	1.0
WP_000811254.1	WP_000811238.1	93.717	1.0
WP_000813752.1	WP_000813744.1	97.81	1.0
WP_000814269.1	WP_000814258.1	97.388	1.0
WP_000815198.1	WP_000815275.1	98.305	1.0
WP_000819163.1	WP_000819168.1	97.368	1.0
WP_000821489.1	WP_000821582.1	93.007	1.0035087719298246
WP_000824835.1	WP_001863192.1	92.92	1.0
WP_000831151.1	WP_000831156.1	97.765	1.0
WP_000834240.1	WP_000834232.1	97.26	1.0
WP_000836377.1	WP_000836350.1	98.45	1.0
WP_000841059.1	WP_000146222.1	96.703	1.0
WP_000845813.1	WP_000845765.1	97.082	1.0
WP_000846467.1	WP_000846461.1	97.222	1.0
WP_000846548.1	WP_000846523.1	95.082	1.0
WP_000848997.1	WP_000849034.1	92.754	1.0
WP_000853713.1	WP_000853678.1	95.257	1.0
WP_000855929.1	WP_000646667.1	95.385	1.0
WP_000855988.1	WP_000855958.1	96.751	1.0
WP_000858673.1	WP_000415831.1	94.521	0.948051948051948
WP_000864517.1	WP_042964690.1	98.837	1.0
WP_000865159.1	WP_000865159.1	100.0	1.0
WP_000866289.1	WP_001862443.1	98.658	1.0
WP_000867254.1	WP_000867263.1	99.174	1.0
WP_000868339.1	WP_000868339.1	100.0	1.0
WP_000869076.1	WP_000648265.1	95.455	1.0
WP_000877895.1	WP_000877884.1	96.97	1.0
WP_000880319.1	WP_000880322.1	96.774	1.0
WP_000885496.1	WP_000885496.1	100.0	1.0
WP_000886346.1	WP_000886346.1	100.0	1.0
WP_000887328.1	WP_000887310.1	98.413	0.984375
WP_000890449.1	WP_000890458.1	97.175	1.0
WP_000890886.1	WP_000890837.1	94.271	1.0
WP_000892464.1	WP_000892489.1	98.886	1.0
WP_000892769.1	WP_000892717.1	97.931	1.0
WP_000895147.1	WP_001293258.1	98.077	1.0
WP_000900781.1	WP_000900785.1	98.413	1.0
WP_000901274.1	WP_000901247.1	97.949	1.0
WP_000906444.1	WP_000906447.1	97.368	1.0
WP_000909627.1	WP_000909679.1	98.765	1.0
WP_000921470.1	WP_000921458.1	99.387	1.0
WP_000928591.1	WP_000928535.1	94.737	0.9661016949152542
WP_000928961.1	WP_000928961.1	100.0	1.0
WP_000933670.1	WP_001862506.1	98.585	1.0
WP_000934558.1	WP_000934548.1	98.008	1.0
WP_000935484.1	WP_000921378.1	94.904	1.0
WP_000938372.1	WP_000938332.1	98.919	1.0
WP_000940604.1	WP_000940618.1	95.455	1.0
WP_000941654.1	WP_000941691.1	98.708	1.0
WP_000942077.1	WP_000942070.1	99.25	1.0
WP_000944410.1	WP_000944436.1	97.333	0.9868421052631579
WP_000946429.1	WP_000946389.1	99.443	1.0
WP_000946433.1	WP_000946438.1	99.237	1.0
WP_000947989.1	WP_000947999.1	98.802	1.0
WP_000949197.1	WP_000949202.1	98.802	1.0
WP_000953114.1	WP_000953192.1	98.81	1.0
WP_000953795.1	WP_000953818.1	91.667	1.0
WP_000957661.1	WP_000957646.1	98.532	1.0
WP_000959642.1	WP_000959606.1	97.368	1.0
WP_000960453.1	WP_000960471.1	98.371	1.0
WP_000961643.1	WP_000961643.1	100.0	1.0
WP_000963113.1	WP_000963128.1	98.271	1.0
WP_000967092.1	WP_000967129.1	99.15	1.0
WP_000974266.1	WP_000974265.1	99.465	1.0
WP_000976622.1	WP_000976657.1	98.109	1.0
WP_000980325.1	WP_000973595.1	96.675	1.0
WP_000985811.1	WP_000985807.1	99.638	1.0
WP_000991163.1	WP_000991190.1	98.198	1.0
WP_000991865.1	WP_000991853.1	99.153	1.0
WP_000994576.1	WP_000994578.1	99.234	1.0
WP_001000433.1	WP_001000423.1	98.624	1.0
WP_001002190.1	WP_001002218.1	98.062	0.9974226804123711
WP_001002471.1	WP_001002442.1	97.097	1.0
WP_001015390.1	WP_000120132.1	92.432	1.0
WP_001018126.1	WP_001018129.1	98.814	1.0
WP_001018228.1	WP_001018245.1	99.2	1.0
WP_001020080.1	WP_001862559.1	97.048	1.0
WP_001021874.1	WP_000381669.1	94.268	0.98125
WP_001022688.1	WP_001022706.1	92.982	1.0
WP_001023008.1	WP_001023005.1	99.27	1.0
WP_001025844.1	WP_001025475.1	97.448	1.0
WP_001027631.1	WP_001027591.1	96.528	1.0
WP_001029379.1	WP_000312027.1	99.038	1.0
WP_001030183.1	WP_001030187.1	99.762	1.0
WP_001031214.1	WP_015056041.1	98.462	1.0
WP_001031337.1	WP_001031337.1	100.0	1.0
WP_001039460.1	WP_001875392.1	99.31	1.0
WP_001039837.1	WP_001037678.1	94.04	0.9869281045751634
WP_001040582.1	WP_001040579.1	99.749	1.0
WP_001044037.1	WP_001044050.1	97.778	1.0
WP_001046997.1	WP_001047373.1	98.844	1.0
WP_001049083.1	WP_000364269.1	96.096	0.9940298507462687
WP_001051932.1	WP_001051995.1	97.853	1.0
WP_001053476.1	WP_000603368.1	96.41	1.0
WP_001053802.1	WP_001053815.1	93.125	1.0
WP_001058030.1	WP_000551230.1	99.029	1.0
WP_001076151.1	WP_001076151.1	100.0	1.0
WP_001084553.1	WP_001084597.1	99.043	1.0
WP_001085354.1	WP_001085308.1	97.276	1.0
WP_001085694.1	WP_001085694.1	100.0	1.0
WP_001085846.1	WP_001085839.1	99.145	1.0
WP_001085997.1	WP_001085997.1	100.0	1.0
WP_001088951.1	WP_001088955.1	97.059	1.0
WP_001089555.1	WP_001066780.1	93.455	1.0054945054945055
WP_001090667.1	WP_001862417.1	97.436	1.0
WP_001090947.1	WP_001090949.1	100.0	0.9384615384615385
WP_001092746.1	WP_001092746.1	100.0	1.0
WP_001096852.1	WP_001096894.1	97.345	1.0
WP_001099604.1	WP_001099619.1	98.964	1.0
WP_001105106.1	WP_001105106.1	100.0	1.0
WP_001105859.1	WP_001105854.1	97.778	1.0
WP_001107368.1	WP_001107421.1	97.241	1.0
WP_001112503.1	WP_001112484.1	91.925	1.0
WP_001115291.1	WP_000004827.1	97.561	1.0
WP_001115893.1	WP_001115881.1	97.059	1.0
WP_001117778.1	WP_042964879.1	98.571	1.0
WP_001118515.1	WP_001118555.1	96.818	1.004566210045662
WP_001119005.1	WP_001118998.1	98.387	1.0
WP_001121063.1	WP_001121076.1	99.448	1.0
WP_001122223.1	WP_001122183.1	98.312	1.0
WP_001123739.1	WP_001168427.1	90.323	1.0
WP_001125542.1	WP_001125542.1	100.0	1.0
WP_001126920.1	WP_001126886.1	98.214	1.0
WP_001129286.1	WP_001129287.1	98.473	1.0
WP_001131535.1	WP_001131513.1	98.734	1.0
WP_001135603.1	WP_001135603.1	100.0	1.0
WP_001135989.1	WP_001136019.1	94.481	1.0
WP_001142321.1	WP_001142321.1	100.0	1.0
WP_001147916.1	WP_001147918.1	98.165	1.0
WP_001148063.1	WP_001148056.1	99.583	1.0
WP_001148296.1	WP_001148303.1	99.07	1.0
WP_001153372.1	WP_001153384.1	92.661	1.0
WP_001157622.1	WP_001157695.1	97.951	1.0
WP_001159322.1	WP_001159394.1	96.552	1.0
WP_001159568.1	WP_001159546.1	98.0	1.0
WP_001160506.1	WP_001160526.1	98.488	1.0
WP_001160858.1	WP_001160833.1	98.785	1.0
WP_001163095.1	WP_001163100.1	94.872	1.0
WP_001169252.1	WP_001169234.1	97.436	0.9936305732484076
WP_001169746.1	WP_001169789.1	96.714	1.0
WP_001174640.1	WP_001174648.1	99.398	1.0
WP_001183508.1	WP_001183511.1	99.371	1.0
WP_001183538.1	WP_001183543.1	98.496	1.0
WP_001183641.1	WP_001183634.1	98.824	1.0
WP_001185863.1	WP_001185845.1	97.688	0.9942528735632183
WP_001191194.1	WP_001191188.1	98.667	1.0
WP_001193317.1	WP_001193328.1	98.864	1.0
WP_001196332.1	WP_001863093.1	98.374	1.0
WP_001197109.1	WP_001207122.1	95.556	1.0
WP_001198984.1	WP_001199067.1	98.382	1.0
WP_001199081.1	WP_001199081.1	100.0	1.0
WP_001203777.1	WP_001203797.1	97.744	1.0
WP_001203845.1	WP_001203892.1	95.333	1.0
WP_001206077.1	WP_001206044.1	96.809	1.0
WP_001206229.1	WP_001206261.1	98.551	1.0
WP_001206523.1	WP_001206520.1	98.592	1.0
WP_001206849.1	WP_001206856.1	98.4	1.0
WP_001209241.1	WP_000545179.1	94.017	1.0
WP_001211704.1	WP_001211699.1	98.246	1.0
WP_001215701.1	WP_001215729.1	99.115	1.0
WP_001216124.1	WP_001216119.1	99.138	1.0
WP_001216729.1	WP_001216713.1	94.366	1.0
WP_001217501.1	WP_001217520.1	99.359	1.0
WP_001218207.1	WP_001218141.1	97.514	1.0
WP_001220004.1	WP_001165637.1	96.154	1.0
WP_001221154.1	WP_001221153.1	99.363	1.0
WP_001221689.1	WP_001221712.1	99.792	1.0
WP_001222316.1	WP_001862639.1	98.867	1.0
WP_001222899.1	WP_001222899.1	100.0	1.0
WP_001227138.1	WP_000725112.1	94.515	1.0
WP_001227269.1	WP_001227269.1	100.0	1.0
WP_001228184.1	WP_000731617.1	96.8	1.0
WP_001232480.1	WP_001232504.1	98.81	1.0
WP_001236611.1	WP_015056065.1	99.005	1.0
WP_001237305.1	WP_001237316.1	98.636	1.0
WP_001237418.1	WP_001237418.1	100.0	1.0
WP_001238101.1	WP_001238108.1	98.716	1.0
WP_001240296.1	WP_001240277.1	97.817	0.9956521739130435
WP_001254356.1	WP_001254357.1	98.71	1.0
WP_001254550.1	WP_001254471.1	98.413	1.0
WP_001257456.1	WP_000556006.1	93.711	1.0
WP_001261174.1	WP_000454259.1	92.929	1.0
WP_001263392.1	WP_001262061.1	95.238	1.0
WP_001263641.1	WP_001263616.1	98.95	1.0
WP_001264161.1	WP_001264177.1	98.276	1.0
WP_001264895.1	WP_001202125.1	96.471	1.0
WP_001264984.1	WP_001264982.1	99.552	1.0
WP_001265775.1	WP_001265981.1	96.0	1.0
WP_001265943.1	WP_000868000.1	97.115	1.0
WP_001268721.1	WP_001268701.1	97.561	1.0
WP_001272690.1	WP_001272690.1	100.0	1.0
WP_001273615.1	WP_001273615.1	100.0	1.0
WP_001277310.1	WP_001277308.1	99.392	1.0
WP_001279223.1	WP_001279026.1	93.75	1.0
WP_001847286.1	WP_001847286.1	100.0	1.0
WP_001860543.1	WP_001860543.1	100.0	1.0
WP_001873360.1	WP_001862738.1	99.245	1.0
WP_001873572.1	WP_001863198.1	95.062	1.0
WP_001876875.1	WP_001862885.1	95.833	1.0
WP_001876931.1	WP_001862785.1	96.667	1.0
WP_001877008.1	WP_015056054.1	96.234	1.0
WP_001877024.1	WP_001862402.1	98.193	1.0
WP_001877067.1	WP_001873120.1	98.479	1.0
WP_001877123.1	WP_000446716.1	99.091	1.0
WP_001878781.1	WP_001862813.1	96.089	1.0
WP_001878784.1	WP_001861281.1	97.115	1.0
WP_001879972.1	WP_001879972.1	100.0	1.0
WP_001880225.1	WP_001212813.1	96.045	1.0
WP_001880582.1	WP_001863037.1	97.908	1.0
WP_001881064.1	WP_001862854.1	95.0	1.0
WP_001881791.1	WP_001863096.1	99.356	1.0
WP_001881838.1	WP_001862586.1	95.154	1.0
WP_001883407.1	WP_001863090.1	94.03	1.0
WP_001886512.1	WP_001863208.1	95.455	1.0
WP_001899182.1	WP_001862880.1	94.949	1.0
WP_001920372.1	WP_000259757.1	96.636	1.0
WP_001920498.1	WP_000952264.1	96.541	1.0
WP_001920606.1	WP_001171376.1	91.667	1.0
WP_001923187.1	WP_000887243.1	95.872	1.0
WP_001923738.1	WP_000888834.1	96.429	1.0
WP_001924872.1	WP_000335443.1	93.506	0.9871794871794872
WP_001925631.1	WP_000254337.1	93.478	1.0
WP_001928072.1	WP_000805281.1	99.051	1.0
WP_001928219.1	WP_000422563.1	97.764	1.0020366598778003
WP_001932843.1	WP_000888450.1	94.286	1.0
WP_001937118.1	WP_000038087.1	98.789	1.0
WP_001937597.1	WP_000479960.1	97.977	1.0
WP_001940457.1	WP_001074915.1	94.464	1.0
WP_001940848.1	WP_000250146.1	94.805	1.0
WP_001941163.1	WP_000996951.1	96.394	1.0
WP_001945170.1	WP_000647798.1	96.359	1.0
WP_001945270.1	WP_001134157.1	94.737	1.0
WP_001945492.1	WP_001114818.1	97.531	1.0125
WP_001948823.1	WP_000603200.1	91.698	1.0
WP_001949523.1	WP_001863356.1	97.368	1.0
WP_001949646.1	WP_000312855.1	99.209	1.0
WP_001959604.1	WP_000092102.1	95.349	1.0
WP_001959998.1	WP_001040419.1	97.27	0.9932203389830508
WP_001966916.1	WP_000559456.1	93.464	1.0
WP_001983466.1	WP_000588225.1	97.183	1.0
WP_010882520.1	WP_001115603.1	98.28	1.0
WP_010882524.1	WP_001252848.1	97.573	1.0
WP_021171533.1	WP_001168770.1	97.143	1.0
WP_021171619.1	WP_000697557.1	99.664	1.0
WP_021171670.1	WP_029671429.1	90.842	0.9612676056338029
WP_021171703.1	WP_000775643.1	94.024	1.0
WP_021171753.1	WP_000965287.1	94.425	0.9930795847750865
WP_021171758.1	WP_000694145.1	96.552	1.0
WP_021171765.1	WP_000566736.1	95.312	1.0
WP_021171854.1	WP_000154738.1	94.898	1.0
WP_021171888.1	WP_001217155.1	95.238	1.0
WP_021171953.1	WP_001133691.1	98.293	1.0
WP_021171989.1	WP_000501484.1	96.667	1.0
WP_021172098.1	WP_000757130.1	96.364	1.0
WP_021172101.1	WP_000488766.1	93.971	1.0
WP_021172103.1	WP_000389328.1	98.529	1.0
WP_021172147.1	WP_000235740.1	97.81	0.9927536231884058
WP_021172150.1	WP_001210707.1	99.119	1.0
WP_021172173.1	WP_001267771.1	97.093	0.9297297297297298
WP_021172184.1	WP_000855900.1	96.479	1.0
WP_021172192.1	WP_000690349.1	94.902	1.0
WP_021172293.1	WP_000336506.1	94.776	1.0075187969924813
WP_021172360.1	WP_000231086.1	95.813	1.0
WP_021172378.1	WP_000557124.1	95.009	1.0
WP_021172379.1	WP_000508588.1	96.296	1.0
WP_021172442.1	WP_001040794.1	95.455	1.0
WP_021172499.1	WP_000825074.1	97.917	1.0
WP_021172519.1	WP_000289698.1	92.67	1.0
WP_021172520.1	WP_001203580.1	94.764	1.0
WP_021172543.1	WP_000527526.1	93.333	1.0
WP_021172544.1	WP_000591482.1	98.168	1.0
WP_021172629.1	WP_000892087.1	94.406	1.0
WP_021172683.1	WP_001862535.1	93.143	1.0
WP_021172684.1	WP_000897490.1	95.413	1.0
WP_021172737.1	WP_000342347.1	96.059	1.0
WP_021172758.1	WP_000111062.1	97.309	1.0
WP_021172760.1	WP_000277334.1	96.25	1.0
WP_021173520.1	WP_001862961.1	96.078	1.0
WP_021177636.1	WP_000619658.1	98.291	1.0
WP_021186621.1	WP_001863317.1	98.23	1.0
WP_021186674.1	WP_000659810.1	97.638	1.0
WP_021186711.1	WP_000894779.1	95.546	1.0
WP_021186727.1	WP_001201065.1	91.304	1.0
WP_021186766.1	WP_001202493.1	97.744	1.0
WP_021186937.1	WP_000919897.1	95.161	1.0
WP_021186967.1	WP_000160988.1	94.017	1.0
WP_021187072.1	WP_000037494.1	98.174	1.0
WP_021187140.1	WP_001125803.1	95.455	1.0
WP_021187600.1	WP_000471692.1	90.493	1.0
WP_025446068.1	WP_000641058.1	98.539	1.0
WP_031246053.1	WP_001862831.1	91.558	1.0
WP_031252986.1	WP_000655300.1	97.535	1.0
WP_031253065.1	WP_001863060.1	98.49	1.0
WP_033599917.1	WP_000715041.1	97.778	1.0
WP_033607773.1	WP_064661277.1	93.162	1.017391304347826
WP_033613244.1	WP_001100349.1	97.115	1.0
WP_033761426.1	WP_000792813.1	93.407	1.0
WP_041050410.1	WP_000614886.1	96.522	1.0
WP_041050412.1	WP_001106909.1	98.028	1.0
WP_046656234.1	WP_001106543.1	92.097	1.0
WP_064783639.1	WP_000738964.1	98.913	1.0
WP_064816892.1	WP_000725381.1	97.032	1.0
WP_064820893.1	WP_001006135.1	98.883	1.0
WP_077368778.1	WP_000498401.1	96.19	1.0
WP_077642930.1	WP_001170452.1	96.135	1.0
WP_077645012.1	WP_000850703.1	91.837	1.0
WP_077645045.1	WP_000788704.1	95.277	1.0188284518828452
WP_077645049.1	WP_000748581.1	97.15	1.0
WP_077645060.1	WP_000866624.1	96.1	1.0
WP_077645117.1	WP_000835501.1	94.444	1.0
WP_077645122.1	WP_000462193.1	94.083	1.0
WP_077645130.1	WP_000514571.1	97.964	1.0
WP_077645168.1	WP_000662799.1	97.578	1.0
WP_077645200.1	WP_000798606.1	95.407	1.0
WP_077645205.1	WP_001179202.1	96.283	1.0
WP_077645212.1	WP_000599146.1	91.045	1.0
WP_077645213.1	WP_001862983.1	96.241	1.0
WP_077645214.1	WP_001019069.1	97.388	1.0
WP_077645225.1	WP_000777041.1	97.024	1.0
WP_077645240.1	WP_001164290.1	99.383	1.0
WP_077645256.1	WP_001271855.1	97.549	1.0
WP_077645257.1	WP_001269108.1	99.383	1.0
WP_077645279.1	WP_000688400.1	97.753	1.0
WP_077645290.1	WP_000323988.1	98.588	1.0
WP_077645291.1	WP_000117507.1	98.357	1.0
WP_077645333.1	WP_001178843.1	93.939	1.0
WP_077645432.1	WP_000723047.1	94.384	1.0
WP_077645436.1	WP_000023053.1	94.954	1.0
WP_077645444.1	WP_001039565.1	95.596	1.0092936802973977
WP_077645570.1	WP_000688567.1	95.783	1.0
WP_077645577.1	WP_000996418.1	96.377	1.0
WP_077645578.1	WP_000270639.1	97.783	1.0
WP_077645579.1	WP_010875512.1	92.347	1.0
WP_077645622.1	WP_000816822.1	95.822	1.0
WP_077645651.1	WP_001097820.1	96.76	1.0
WP_077645697.1	WP_000722451.1	98.127	1.0
WP_077645698.1	WP_000098051.1	93.069	1.0
WP_077647986.1	WP_000660370.1	93.782	1.0
WP_077652105.1	WP_000889331.1	98.876	1.0
WP_078244186.1	WP_000461250.1	99.138	0.9317269076305221
WP_078244812.1	WP_001202825.1	96.0	1.0
WP_078258843.1	WP_001155649.1	98.582	1.0
WP_079331305.1	WP_001159178.1	96.61	1.0
WP_079340156.1	WP_000499027.1	97.656	1.0
WP_079360529.1	WP_000609477.1	97.101	1.0
WP_079369119.1	WP_000290428.1	95.833	1.0
WP_079373275.1	WP_000490788.1	97.414	1.0
WP_080243250.1	WP_010875539.1	97.638	1.0
WP_080343057.1	WP_080012158.1	91.554	0.9932885906040269
WP_097564575.1	WP_000476591.1	96.594	1.0
WP_097686035.1	WP_001128709.1	99.078	1.0
WP_097693727.1	WP_000404680.1	97.561	1.0
WP_097703012.1	WP_000816949.1	94.585	1.0
WP_097705748.1	WP_000349469.1	97.321	1.0
WP_097708539.1	WP_000256112.1	95.862	1.0
WP_097709641.1	WP_000755879.1	91.667	1.0
WP_108253568.1	WP_000706021.1	99.16	1.0
WP_108351363.1	WP_000657605.1	97.895	1.0
WP_108393557.1	WP_000338876.1	99.31	1.0
WP_108557556.1	WP_001045154.1	97.845	1.0
WP_120891137.1	WP_000443358.1	96.842	1.0
WP_120920754.1	WP_000403632.1	97.936	1.0
WP_120921074.1	WP_001213296.1	96.371	1.0
WP_120921770.1	WP_000301306.1	96.078	1.0
WP_128004110.1	WP_000699284.1	99.401	1.0
WP_134889645.1	WP_000167671.1	99.291	1.0
WP_139519218.1	WP_000549876.1	96.61	1.0
WP_140567899.1	WP_000595790.1	99.462	1.0
WP_151237320.1	WP_001162494.1	97.235	1.0
WP_156534302.1	WP_001270319.1	94.636	0.9961832061068703
WP_156535261.1	WP_000259453.1	96.154	0.959409594095941
WP_156535352.1	WP_001269995.1	98.801	1.0
WP_156538817.1	WP_000932524.1	96.111	1.0
WP_156562617.1	WP_000187711.1	97.845	0.9957081545064378
WP_156565423.1	WP_000903912.1	97.318	1.0
WP_156579557.1	WP_000589921.1	97.681	1.0
WP_156581700.1	WP_001241701.1	94.611	1.0
WP_156602678.1	WP_001862609.1	97.674	1.0
WP_163498402.1	WP_001863409.1	98.471	1.0
WP_164499582.1	WP_001863448.1	97.664	1.0
WP_164500257.1	WP_000765634.1	96.682	1.0
WP_164539516.1	WP_001004715.1	99.315	1.0
WP_164855384.1	WP_000856671.1	98.675	0.993421052631579
WP_165527608.1	WP_001155986.1	97.794	1.0
WP_165536034.1	WP_000030195.1	97.209	1.0
WP_165550891.1	WP_000689051.1	96.614	1.0
WP_165696497.1	WP_000911905.1	97.248	1.0
WP_180373787.1	WP_001863439.1	98.474	1.0
WP_180373797.1	WP_001863059.1	98.377	1.0
WP_181372012.1	WP_001862479.1	97.931	1.0
WP_187841581.1	WP_000637150.1	95.842	1.0
WP_187854031.1	WP_001091835.1	93.05	1.0
WP_187866776.1	WP_000405980.1	96.337	1.0
WP_187868125.1	WP_001014517.1	99.237	1.0
WP_187883890.1	WP_001071022.1	97.222	1.0
WP_187899971.1	WP_001149319.1	95.595	1.0
WP_187902305.1	WP_000579175.1	93.22	0.9915966386554622
WP_187903492.1	WP_001004080.1	92.308	0.9923664122137404
WP_187922030.1	WP_229311990.1	92.233	0.9626168224299065
WP_187929560.1	WP_000949882.1	91.837	1.0
WP_187929657.1	WP_000533331.1	97.55	1.0
WP_187933293.1	WP_000399940.1	96.364	1.0
WP_198993165.1	WP_015056095.1	99.524	1.0
WP_209506110.1	WP_000870176.1	97.483	1.0
WP_209506498.1	WP_001012473.1	91.837	1.0
WP_209528011.1	WP_010875440.1	95.205	1.0
WP_209553577.1	WP_000278421.1	97.665	1.0
WP_209553696.1	WP_001011988.1	91.538	1.0
WP_209553734.1	WP_000345564.1	90.616	0.96875
WP_209553735.1	WP_025444690.1	98.367	1.0
WP_209553766.1	WP_000226149.1	96.255	0.996268656716418
WP_209553874.1	WP_000793647.1	96.599	1.0
WP_209553875.1	WP_000521815.1	93.333	1.0031847133757963
WP_209553884.1	WP_000603684.1	95.882	1.0
WP_209553982.1	WP_000901420.1	94.4	1.0
WP_209554128.1	WP_000719571.1	94.904	1.0
WP_209554209.1	WP_000153370.1	94.41	1.0
WP_209611155.1	WP_001108275.1	97.595	1.0
WP_209611158.1	WP_001158808.1	96.501	1.0
WP_209611160.1	WP_000611139.1	97.431	1.0
WP_209611162.1	WP_001047731.1	94.678	1.0
WP_209611164.1	WP_001037790.1	92.446	1.0
WP_209611165.1	WP_000912676.1	91.034	1.0
WP_209611169.1	WP_001263320.1	93.233	0.9466192170818505
WP_209611173.1	WP_015056061.1	95.202	0.9924812030075187
WP_209611175.1	WP_001132760.1	95.5	1.0
WP_209611179.1	WP_001256047.1	91.291	1.0
WP_209611181.1	WP_000952609.1	96.078	1.0
WP_209611183.1	WP_000901317.1	95.298	1.0
WP_209611185.1	WP_000774319.1	96.459	0.9983164983164983
WP_209611187.1	WP_000564420.1	98.071	1.0
WP_209611189.1	WP_000631468.1	97.792	1.0
WP_209611191.1	WP_000243282.1	92.347	1.0
WP_209611193.1	WP_000265099.1	95.42	1.0
WP_209611195.1	WP_001029082.1	98.925	0.9893617021276596
WP_209611197.1	WP_000787980.1	97.274	1.0
WP_209611199.1	WP_001009984.1	94.118	1.0
WP_209611203.1	WP_000708622.1	95.167	1.0
WP_209611205.1	WP_015056066.1	91.86	0.9961389961389961
WP_209611213.1	WP_000230797.1	94.273	0.9956140350877193
WP_209611217.1	WP_000862222.1	96.417	1.0
WP_209611219.1	WP_001268933.1	95.758	1.0030395136778116
WP_209611221.1	WP_001095387.1	93.064	0.9153439153439153
WP_209611225.1	WP_001111589.1	93.274	1.0
WP_209611227.1	WP_001142178.1	96.111	1.0
WP_209611233.1	WP_000829005.1	94.863	1.0
WP_209611235.1	WP_000247370.1	98.416	1.0
WP_209611240.1	WP_000051272.1	95.928	1.0
WP_209611242.1	WP_000913560.1	95.473	1.0
WP_209611243.1	WP_000471359.1	96.129	1.0
WP_209611245.1	WP_000405496.1	91.325	1.0015527950310559
WP_209611247.1	WP_000504124.1	93.214	0.9824561403508771
WP_209611257.1	WP_000109824.1	92.703	1.0
WP_209611259.1	WP_000003622.1	98.76	1.0
WP_209611269.1	WP_001000225.1	98.347	1.0
WP_209611273.1	WP_000427118.1	97.113	1.0
WP_209611275.1	WP_000894570.1	96.165	1.0
WP_209611277.1	WP_000592437.1	95.367	1.0
WP_209611279.1	WP_000812546.1	94.539	1.0
WP_209611281.1	WP_001248496.1	97.86	1.0
WP_209611285.1	WP_001229996.1	94.406	1.0
WP_209611287.1	WP_001126584.1	97.327	1.0
WP_209611292.1	WP_001052415.1	94.488	1.0
WP_209611296.1	WP_000756473.1	94.942	1.0
WP_209611298.1	WP_000917914.1	92.308	1.0
WP_209611299.1	WP_000447623.1	98.667	1.0
WP_209611301.1	WP_000712480.1	95.854	1.0
WP_209611303.1	WP_000524398.1	95.943	1.0
WP_209611305.1	WP_001213490.1	97.923	1.0
WP_209611307.1	WP_000669256.1	92.202	1.0
WP_209611309.1	WP_000670110.1	95.714	1.0
WP_209611311.1	WP_000995079.1	96.831	1.0
WP_209611313.1	WP_000409617.1	96.281	1.0
WP_209611315.1	WP_000472177.1	93.13	1.0
WP_209611317.1	WP_001229797.1	93.827	1.0
WP_209611319.1	WP_001150920.1	96.98	1.0
WP_209611323.1	WP_000244300.1	93.182	1.0
WP_209611325.1	WP_001212364.1	94.226	1.0140515222482436
WP_209611327.1	WP_000555186.1	95.578	1.0
WP_209611330.1	WP_000057737.1	96.741	1.0
WP_209611332.1	WP_001165207.1	91.398	1.0
WP_209611334.1	WP_001010809.1	94.725	0.9931662870159453
WP_209611336.1	WP_000574070.1	95.688	1.0
WP_209611338.1	WP_161595581.1	95.943	1.0
WP_209611340.1	WP_000233600.1	96.364	1.0
WP_209611348.1	WP_001158562.1	99.024	1.0
WP_209611350.1	WP_001158310.1	95.07	1.0
WP_209611352.1	WP_001236552.1	92.239	1.0
WP_209611354.1	WP_001172573.1	93.385	1.0046367851622875
WP_209611356.1	WP_000715711.1	95.181	1.0
WP_209611358.1	WP_000604593.1	96.26	1.0
WP_209611360.1	WP_000028305.1	95.226	1.0
WP_209611365.1	WP_000352085.1	96.429	1.0
WP_209611367.1	WP_001147634.1	97.955	1.0
WP_209611369.1	WP_000557020.1	99.085	1.0
WP_209611371.1	WP_000777286.1	95.812	1.0
WP_209611372.1	WP_000570922.1	93.007	1.0
WP_209611374.1	WP_000034006.1	96.583	1.0072463768115942
WP_209611378.1	WP_000285096.1	98.855	1.0
WP_209611380.1	WP_001204347.1	96.266	1.0
WP_209611382.1	WP_000888213.1	95.045	1.0
WP_209611383.1	WP_000894935.1	92.857	1.0
WP_209611385.1	WP_000818647.1	97.428	1.0
WP_209611387.1	WP_000655545.1	96.296	1.0
WP_209611389.1	WP_000499252.1	96.446	1.0
WP_209611391.1	WP_000051172.1	98.718	1.0
WP_209611393.1	WP_001120630.1	95.376	0.9942528735632183
WP_209611395.1	WP_000884428.1	98.526	1.0
WP_209611397.1	WP_000176078.1	94.565	1.0
WP_209611399.1	WP_000289187.1	98.884	1.0
WP_209611403.1	WP_000793250.1	95.187	0.9989316239316239
WP_209611405.1	WP_000492204.1	94.595	0.9955156950672646
WP_209611414.1	WP_000657303.1	90.054	0.9841269841269841
WP_209611415.1	WP_001203260.1	93.802	1.0
WP_209611416.1	WP_001186109.1	95.058	1.0
WP_209611417.1	WP_000735668.1	93.033	0.9549902152641878
WP_209611418.1	WP_000940198.1	96.4	1.0
WP_209611419.1	WP_001152804.1	95.192	1.0
WP_209611420.1	WP_001124018.1	99.013	1.0
WP_209611421.1	WP_000883625.1	96.471	1.0
WP_209611423.1	WP_000542222.1	92.511	1.0
WP_209611428.1	WP_000576584.1	94.713	1.0
WP_209611430.1	WP_001129867.1	99.017	1.0
WP_209611432.1	WP_000893828.1	97.267	0.9977272727272727
WP_209611433.1	WP_001127890.1	98.328	1.0
WP_209611439.1	WP_000540113.1	94.531	1.0
WP_209611440.1	WP_000512163.1	93.396	0.9968652037617555
WP_209611442.1	WP_001179304.1	94.012	0.9027027027027027
WP_209611444.1	WP_000825110.1	96.073	1.0
WP_209611448.1	WP_000002194.1	98.007	1.0
WP_209611450.1	WP_001153275.1	93.333	1.0
WP_209611452.1	WP_001248203.1	91.038	1.0
WP_209611453.1	WP_001223483.1	92.459	1.0
WP_209611457.1	WP_001157499.1	95.843	1.0
WP_209611460.1	WP_000484750.1	97.768	1.0
WP_209611461.1	WP_001862675.1	95.757	1.0
WP_209611462.1	WP_000666573.1	94.901	1.0
WP_209611464.1	WP_001179119.1	93.714	1.0
WP_209611467.1	WP_000404448.1	93.75	0.9660377358490566
WP_209611469.1	WP_000889553.1	94.286	1.0
WP_209611471.1	WP_001862669.1	93.782	1.0
WP_209611473.1	WP_042964686.1	97.028	1.0
WP_209611474.1	WP_162481330.1	97.991	1.0
WP_209611476.1	WP_042964688.1	95.565	1.0
WP_209611478.1	WP_001174195.1	98.034	1.0
WP_209611480.1	WP_000751514.1	96.256	1.0
WP_209611482.1	WP_001172180.1	96.368	1.0
WP_209611483.1	WP_000577889.1	95.694	1.0
WP_209611485.1	WP_000473297.1	96.614	1.0
WP_209611487.1	WP_000905722.1	96.95	1.0
WP_209611489.1	WP_015056083.1	96.761	1.0
WP_209611493.1	WP_000860874.1	96.243	1.0
WP_209611494.1	WP_000632518.1	96.833	1.0
WP_209611496.1	WP_000115493.1	91.691	1.0
WP_209611498.1	WP_000037869.1	98.927	1.0
WP_209611499.1	WP_001171739.1	95.122	1.0
WP_209611501.1	WP_001162995.1	92.342	1.0
WP_209611503.1	WP_000345816.1	95.64	1.0
WP_209611505.1	WP_000654350.1	97.17	1.0
WP_209611506.1	WP_000370674.1	97.436	1.0
WP_209611508.1	WP_015056088.1	95.455	1.0
WP_209611512.1	WP_001862412.1	94.493	1.0
WP_209611514.1	WP_000902563.1	94.194	1.0
WP_209611515.1	WP_000788231.1	98.333	1.0
WP_209611517.1	WP_000798416.1	95.477	0.9128440366972477
WP_209611518.1	WP_000636048.1	95.0	1.0
WP_209611520.1	WP_001246343.1	98.322	1.0
WP_209611522.1	WP_001177367.1	96.627	1.0
WP_209611524.1	WP_000254171.1	94.4	1.0
WP_209611529.1	WP_000420308.1	92.513	1.0
WP_209611531.1	WP_000354754.1	95.632	1.0
WP_209611533.1	WP_000753173.1	92.514	1.0
WP_209611535.1	WP_000285823.1	94.118	1.0
WP_209611537.1	WP_001161318.1	93.323	1.0
WP_209611538.1	WP_000769617.1	94.297	1.0
WP_209611542.1	WP_000231350.1	97.479	1.0
WP_209611544.1	WP_001862742.1	94.479	1.0
WP_209611545.1	WP_000376795.1	94.583	1.0
WP_209611547.1	WP_001862740.1	93.659	1.0
WP_209611549.1	WP_000351558.1	97.015	1.0
WP_209611551.1	WP_000201774.1	92.806	0.9025974025974026
WP_209611554.1	WP_000012749.1	92.073	1.0
WP_209611556.1	WP_000632151.1	95.853	1.0047619047619047
WP_209611558.1	WP_001200192.1	96.732	1.0
WP_209611560.1	WP_001159928.1	97.461	1.0
WP_209611562.1	WP_000904307.1	98.984	1.0
WP_209611564.1	WP_000266337.1	94.007	1.0
WP_209611566.1	WP_000355104.1	96.507	1.0
WP_209611569.1	WP_001034280.1	97.201	1.0
WP_209611571.1	WP_001141446.1	94.248	1.0
WP_209611573.1	WP_000658921.1	95.522	1.0
WP_209611575.1	WP_001198338.1	97.696	1.0
WP_209611578.1	WP_000909307.1	94.545	1.0
WP_209611580.1	WP_001149282.1	95.567	0.9950980392156863
WP_209611582.1	WP_000529962.1	98.291	1.0
WP_209611583.1	WP_000411561.1	99.038	1.0
WP_209611590.1	WP_000948089.1	95.631	1.0
WP_209611591.1	WP_000822204.1	90.909	1.0
WP_209611593.1	WP_000570460.1	96.135	1.0
WP_209611595.1	WP_000544243.1	95.175	1.0
WP_209611596.1	WP_000423848.1	96.477	1.0
WP_209611600.1	WP_000686217.1	95.614	1.0
WP_209611602.1	WP_001062440.1	97.233	1.0
WP_209611604.1	WP_000380787.1	95.946	1.0
WP_209611605.1	WP_000703807.1	91.93	1.0035211267605635
WP_209611607.1	WP_000395259.1	93.388	0.9877551020408163
WP_209611609.1	WP_000880064.1	98.259	1.0
WP_209611611.1	WP_001122605.1	95.152	1.0
WP_209611613.1	WP_000764827.1	95.708	1.0
WP_209611615.1	WP_000841286.1	97.835	0.9914163090128756
WP_209611617.1	WP_000506091.1	94.315	1.0
WP_209611619.1	WP_000346779.1	97.214	1.0
WP_209611621.1	WP_001141770.1	94.643	1.0
WP_209611623.1	WP_001862592.1	95.122	1.0
WP_209611625.1	WP_000653622.1	94.737	1.0
WP_209611627.1	WP_000349722.1	96.721	1.0
WP_209611629.1	WP_000954017.1	93.777	1.0043103448275863
WP_209611635.1	WP_001006287.1	96.681	1.0
WP_209611639.1	WP_000133787.1	95.569	1.0121212121212122
WP_209611641.1	WP_025444688.1	95.312	0.9309090909090909
WP_209611646.1	WP_001208606.1	95.357	0.958904109589041
WP_209611652.1	WP_001124691.1	93.285	1.0
WP_209611657.1	WP_000415499.1	93.907	0.9964285714285714
WP_209611661.1	WP_000894903.1	94.208	1.0
WP_209611663.1	WP_000854872.1	96.053	1.0
WP_209611665.1	WP_000393434.1	95.435	1.0
WP_209611669.1	WP_000131629.1	97.968	0.9985507246376811
WP_209611670.1	WP_001121932.1	94.833	1.0
WP_209611674.1	WP_000889170.1	94.881	1.0
WP_209611676.1	WP_000269537.1	96.575	1.0
WP_209611684.1	WP_000896371.1	92.664	1.0
WP_209611687.1	WP_000150052.1	92.075	0.9671532846715328
WP_209611689.1	WP_001245509.1	94.068	1.0
WP_209611691.1	WP_000360153.1	97.445	1.0
WP_209611693.1	WP_001863194.1	96.444	1.0
WP_209611695.1	WP_000915379.1	95.04	1.0026881720430108
WP_209611697.1	WP_000720409.1	95.71	1.0
WP_209611699.1	WP_000398405.1	95.802	1.0
WP_209611701.1	WP_000662171.1	98.761	1.0
WP_209611703.1	WP_001284861.1	96.176	1.0
WP_209611705.1	WP_000437576.1	92.547	1.0
WP_209611707.1	WP_001045361.1	93.363	1.0
WP_209611708.1	WP_000697639.1	90.826	1.0
WP_209611710.1	WP_000968580.1	94.567	1.0
WP_209611714.1	WP_000567145.1	96.627	1.0
WP_209611716.1	WP_001262107.1	91.698	1.0
WP_209611720.1	WP_000711694.1	96.748	1.0
WP_209611722.1	WP_000506456.1	91.892	1.0
WP_209611724.1	WP_000854221.1	96.842	1.0
WP_209611725.1	WP_001008922.1	97.074	1.0
WP_209611727.1	WP_000753982.1	95.098	1.0
WP_209611729.1	WP_001168588.1	97.044	1.0
WP_209611731.1	WP_000768790.1	93.512	1.0
WP_209611733.1	WP_001155041.1	94.304	1.0
WP_209611735.1	WP_001236083.1	97.465	1.0
WP_209611740.1	WP_000650233.1	95.558	1.0
WP_209611741.1	WP_000375247.1	93.697	1.0
WP_209611743.1	WP_001242020.1	93.023	1.0
WP_209611745.1	WP_015056101.1	97.744	1.0
WP_209611747.1	WP_000894876.1	95.633	1.0
WP_209611751.1	WP_000945747.1	97.497	1.0
WP_209611753.1	WP_000411646.1	97.975	1.0
WP_209611755.1	WP_000693702.1	92.26	1.0
WP_209611757.1	WP_001158370.1	96.629	1.0
WP_209611758.1	WP_000837022.1	90.435	1.0267857142857142
WP_209611759.1	WP_000767556.1	98.0	1.0
WP_209611760.1	WP_000749005.1	91.875	1.0
WP_209611761.1	WP_000923009.1	91.667	1.0
WP_209611762.1	WP_000334435.1	98.325	1.0
WP_209611764.1	WP_000451918.1	96.635	1.0
WP_209611768.1	WP_000985413.1	92.778	1.0012254901960784
WP_209611769.1	WP_000995184.1	93.191	1.0
WP_209611771.1	WP_000604403.1	93.789	1.0
WP_209611773.1	WP_000152122.1	98.158	1.0
WP_209611777.1	WP_000719289.1	95.041	1.0
WP_209611778.1	WP_001204425.1	97.519	1.0
WP_209611780.1	WP_000667832.1	94.253	1.0
WP_209611781.1	WP_001862622.1	96.441	0.9790940766550522
WP_209611782.1	WP_000861474.1	96.774	1.0
WP_209611783.1	WP_000384644.1	95.517	1.0
WP_209611784.1	WP_001862620.1	94.03	1.0
WP_209611786.1	WP_000014397.1	97.465	1.0
WP_209611787.1	WP_000380097.1	92.6	1.0031847133757963
WP_209611788.1	WP_001049644.1	98.63	1.0
WP_209611789.1	WP_000765381.1	96.762	1.0
WP_209611790.1	WP_000418663.1	97.833	1.0
WP_209611791.1	WP_000345715.1	95.658	1.0
WP_209611792.1	WP_000798455.1	91.878	1.012853470437018
WP_209611793.1	WP_000616334.1	96.503	1.0
WP_209611794.1	WP_000807891.1	99.029	1.0
WP_209611796.1	WP_000370329.1	95.122	1.0
WP_209611797.1	WP_000205897.1	96.641	0.9974226804123711
WP_209611798.1	WP_042964886.1	91.369	1.0
WP_209611799.1	WP_000961773.1	95.195	1.0
WP_209611800.1	WP_000831002.1	97.97	1.0
WP_209611801.1	WP_000044457.1	94.118	1.0
WP_209611803.1	WP_000469349.1	96.063	1.0
WP_209611805.1	WP_000491029.1	94.66	1.0
WP_209611806.1	WP_010875640.1	92.857	1.0
WP_209611808.1	WP_001210849.1	95.038	1.0
WP_209611810.1	WP_001075036.1	96.091	1.0
WP_209611812.1	WP_000858181.1	97.464	1.0
WP_209611813.1	WP_000642977.1	93.213	1.0
WP_209611815.1	WP_001175296.1	96.035	1.0
WP_209611817.1	WP_001264323.1	91.304	1.0
WP_209611821.1	WP_001040293.1	99.634	1.0
WP_209611823.1	WP_000601638.1	96.243	1.0
WP_209611825.1	WP_000721203.1	96.571	1.0
WP_209611827.1	WP_001154906.1	96.364	1.0
WP_209611829.1	WP_000890508.1	96.95	1.0
WP_209611831.1	WP_000760930.1	96.049	1.0
WP_209611833.1	WP_229311985.1	92.09	0.9315789473684211
WP_209611834.1	WP_000157542.1	94.073	1.0
WP_209611838.1	WP_000660509.1	95.951	1.0
WP_209611840.1	WP_001862530.1	93.009	1.0061919504643964
WP_209611842.1	WP_001045839.1	95.238	1.0
WP_209611844.1	WP_000694809.1	95.319	1.0
WP_209611846.1	WP_000378843.1	98.795	1.0
WP_209611848.1	WP_000827275.1	94.848	1.0
WP_209611849.1	WP_000510269.1	97.379	1.0
WP_209611851.1	WP_001169304.1	96.624	1.0
WP_209611862.1	WP_001099471.1	93.585	1.0
WP_209611863.1	WP_000357404.1	94.902	0.9922178988326849
WP_209611869.1	WP_001268661.1	95.842	1.0
WP_209611871.1	WP_161595577.1	95.652	1.0
WP_209611873.1	WP_000233875.1	93.863	1.0
WP_209611874.1	WP_000874844.1	94.697	0.9361702127659575
WP_209611876.1	WP_000846779.1	95.541	1.0
WP_209611878.1	WP_001117321.1	95.267	1.0
WP_209611880.1	WP_000033553.1	96.148	1.0
WP_209611882.1	WP_000905219.1	97.283	1.0
WP_209611884.1	WP_000922020.1	91.016	0.973384030418251
WP_209611886.1	WP_000971620.1	96.814	1.0
WP_209611887.1	WP_000737638.1	94.148	1.0
WP_209611889.1	WP_001242837.1	97.632	1.0
WP_209611891.1	WP_042964654.1	92.763	0.9967213114754099
WP_209611894.1	WP_000521014.1	98.548	1.0
WP_209611896.1	WP_000650844.1	92.147	1.0
WP_209611898.1	WP_000234019.1	92.857	1.0
WP_209611900.1	WP_001862505.1	96.97	1.0
WP_209611902.1	WP_000681408.1	98.098	1.0
WP_209611905.1	WP_000750174.1	98.252	1.0
WP_209611907.1	WP_000731991.1	90.909	1.0
WP_209611909.1	WP_000135967.1	95.604	1.0
WP_209611911.1	WP_000046401.1	96.852	1.0
WP_209611913.1	WP_000072772.1	97.987	0.9955456570155902
WP_209611915.1	WP_000032040.1	96.682	1.0
WP_209611917.1	WP_000417304.1	98.545	1.0
WP_209611919.1	WP_000889036.1	96.733	1.0
WP_209611921.1	WP_010875444.1	96.646	1.0
WP_209611925.1	WP_000346888.1	94.863	1.0
WP_209611927.1	WP_001221992.1	90.863	1.0
WP_209611929.1	WP_000506345.1	93.333	1.0
WP_209611930.1	WP_000626212.1	95.47	1.0
WP_209611932.1	WP_000955673.1	97.887	1.0
WP_209611942.1	WP_001077422.1	98.095	0.9859154929577465
WP_209611946.1	WP_000622860.1	93.35	1.0
WP_209611948.1	WP_000883720.1	97.255	1.0
WP_209611949.1	WP_000244494.1	94.215	1.0
WP_209611951.1	WP_000941291.1	94.118	1.0
WP_209611953.1	WP_001237964.1	95.519	1.0
WP_209611955.1	WP_001106332.1	90.254	1.0
WP_209611956.1	WP_000492582.1	97.804	1.0
WP_209611958.1	WP_000323092.1	96.875	1.0
WP_209611960.1	WP_001282439.1	98.776	1.0
WP_209611961.1	WP_000506216.1	97.818	1.0
WP_209611963.1	WP_001862855.1	97.935	1.0
WP_209611970.1	WP_000934263.1	93.333	1.0
WP_209611972.1	WP_000070607.1	95.491	1.0
WP_209611974.1	WP_000339189.1	94.764	0.9973890339425587
WP_209611975.1	WP_000238111.1	97.585	1.0
WP_209611977.1	WP_000427574.1	94.203	1.0072992700729928
WP_209611979.1	WP_000656886.1	95.113	1.0
WP_209611981.1	WP_000260724.1	92.391	1.0
WP_209611983.1	WP_015056031.1	97.545	1.0
WP_209611985.1	WP_001863018.1	96.623	1.0
WP_209611987.1	WP_000751160.1	91.564	1.0
WP_209611988.1	WP_000584045.1	94.239	1.0
WP_209611990.1	WP_000743516.1	94.907	1.0
WP_209611992.1	WP_001197179.1	98.462	1.0
WP_209611994.1	WP_001275574.1	90.909	1.0
WP_209611995.1	WP_000538261.1	96.62	1.0
WP_209611997.1	WP_001235932.1	91.87	1.0165289256198347
WP_209611999.1	WP_000527585.1	94.771	1.0
WP_209612001.1	WP_000899254.1	96.534	1.0
WP_209612003.1	WP_000418286.1	94.209	1.0
WP_209612004.1	WP_001156669.1	94.788	1.0
WP_209612006.1	WP_000832067.1	97.661	1.0
WP_209612008.1	WP_000157404.1	93.296	1.0
WP_209612010.1	WP_000889818.1	94.574	1.0
WP_209612011.1	WP_000116877.1	98.529	1.0
WP_209612013.1	WP_001863028.1	95.975	1.0021276595744681
WP_209612015.1	WP_000796173.1	96.107	1.0
WP_209612017.1	WP_001226637.1	91.781	1.0186046511627906
WP_209612019.1	WP_001863029.1	93.429	0.9971509971509972
WP_209612021.1	WP_000382848.1	95.238	1.0
WP_209612026.1	WP_001048043.1	96.963	1.0
WP_209612028.1	WP_000924910.1	94.974	1.0
WP_209612030.1	WP_001155847.1	95.844	1.0
WP_209612031.1	WP_000780038.1	93.75	1.0
WP_209612033.1	WP_000053541.1	96.774	1.0
WP_209612035.1	WP_001150530.1	94.697	1.0
WP_209612037.1	WP_001155742.1	92.973	1.0
WP_209612038.1	WP_001074267.1	97.727	1.0
WP_209612042.1	WP_000221211.1	96.037	1.0
WP_209612044.1	WP_000347385.1	95.148	1.0
WP_209612046.1	WP_001156090.1	95.044	1.0
WP_209612048.1	WP_000758579.1	97.368	1.0
WP_209612050.1	WP_001116713.1	97.455	1.0
WP_209612052.1	WP_001210594.1	93.605	1.0
WP_209612054.1	WP_042964669.1	93.124	0.9958706125258087
WP_209612056.1	WP_000483597.1	96.296	1.0
WP_209612058.1	WP_000461887.1	96.207	1.0
WP_209612060.1	WP_001863046.1	94.803	0.9841269841269841
WP_209612061.1	WP_001266636.1	96.014	1.0
WP_209612063.1	WP_000497238.1	96.1	0.9972222222222222
WP_209612065.1	WP_000819954.1	93.051	1.0
WP_209612067.1	WP_000421462.1	96.512	1.0
WP_209612068.1	WP_001124369.1	93.75	0.9968847352024922
WP_209612072.1	WP_001862902.1	92.245	1.0
WP_209612073.1	WP_001201400.1	96.07	1.0
WP_209612075.1	WP_000742697.1	92.737	0.9944444444444445
WP_209612077.1	WP_000833936.1	94.231	1.0
WP_209612079.1	WP_001168317.1	94.231	1.0
WP_209612081.1	WP_001207734.1	95.758	1.0
WP_209612087.1	WP_001117124.1	92.15	1.0
WP_209612089.1	WP_000810700.1	96.512	1.0
WP_209612091.1	WP_000373222.1	98.885	1.0
WP_209612096.1	WP_001069529.1	93.593	1.0
WP_209612097.1	WP_000837260.1	92.757	1.0178571428571428
WP_209612098.1	WP_001047444.1	94.344	1.0
WP_209612100.1	WP_001239827.1	96.1	1.0
WP_209612102.1	WP_000931634.1	93.571	1.0
WP_209612104.1	WP_001235220.1	91.489	1.0
WP_209612106.1	WP_001124546.1	93.811	1.0
WP_209612108.1	WP_000764940.1	96.915	1.0
WP_209612109.1	WP_000946689.1	91.304	1.0
WP_209612111.1	WP_000616490.1	90.811	0.9711286089238845
WP_209612117.1	WP_000664941.1	95.302	1.0053981106612686
WP_209612120.1	WP_000906037.1	93.333	1.0
WP_209612122.1	WP_001068828.1	93.82	1.0
WP_209612124.1	WP_000657423.1	94.203	1.0
WP_209612128.1	WP_000664449.1	96.726	1.0
WP_209612131.1	WP_000911251.1	91.693	1.0
WP_209612137.1	WP_000016275.1	95.158	1.0
WP_209612139.1	WP_000908758.1	93.514	1.0
WP_209612141.1	WP_001862796.1	97.118	1.0
WP_209612142.1	WP_001262893.1	98.499	1.0
WP_209612144.1	WP_000910790.1	96.27	0.988479262672811
WP_209612146.1	WP_000677174.1	95.798	1.0
WP_209612148.1	WP_025444693.1	94.444	1.0
WP_209612150.1	WP_000602430.1	94.51	1.0
WP_209612152.1	WP_001150629.1	91.986	1.0105633802816902
WP_209612156.1	WP_000824996.1	97.315	0.9933333333333333
WP_209612158.1	WP_000060246.1	95.652	1.0
WP_209612159.1	WP_000045822.1	97.222	1.0
WP_209612161.1	WP_001199552.1	94.471	1.0
WP_209612163.1	WP_000052931.1	95.32	1.0
WP_209612165.1	WP_015056076.1	97.917	1.0
WP_209612167.1	WP_001179563.1	91.584	1.0
WP_209612169.1	WP_000967190.1	94.302	1.0
WP_209612171.1	WP_001078673.1	97.481	1.0
WP_209612177.1	WP_001116307.1	93.502	1.0
WP_209612179.1	WP_000402681.1	97.255	1.0
WP_209612181.1	WP_000114695.1	92.727	1.0
WP_209612182.1	WP_001188605.1	94.444	1.0
WP_209612184.1	WP_000588404.1	96.981	1.0
WP_209612186.1	WP_000053246.1	95.896	1.0
WP_209612188.1	WP_001167977.1	90.449	0.9595687331536388
WP_209612190.1	WP_001139725.1	93.945	1.0
WP_209612200.1	WP_000482941.1	92.8	1.0
WP_209612202.1	WP_000768579.1	94.508	1.0
WP_209612210.1	WP_000703484.1	93.839	1.0
WP_209612212.1	WP_000526632.1	97.511	1.0
WP_209612213.1	WP_000836138.1	97.183	1.0
WP_209612214.1	WP_000704186.1	96.524	1.0
WP_209612216.1	WP_001182024.1	98.706	1.0
WP_209612218.1	WP_000886845.1	97.386	1.0
WP_209612220.1	WP_000690507.1	96.457	1.0
WP_209612223.1	WP_001862438.1	97.342	1.0
WP_209612228.1	WP_000879904.1	97.34	1.0
WP_209612230.1	WP_000855299.1	96.203	1.0
WP_209612234.1	WP_000495985.1	98.881	1.0
WP_209612236.1	WP_000668162.1	93.043	1.0
WP_209612238.1	WP_000180747.1	90.932	1.0008438818565402
WP_209612244.1	WP_000647330.1	91.954	0.997134670487106
WP_209612245.1	WP_000188605.1	91.034	1.0
WP_209612247.1	WP_000524601.1	98.361	1.0
WP_209612249.1	WP_000912892.1	97.782	1.0
WP_209612251.1	WP_000670710.1	95.862	1.0
WP_209612253.1	WP_001863335.1	96.207	1.0
WP_209612255.1	WP_000839094.1	95.133	1.0029585798816567
WP_209612257.1	WP_000909119.1	91.304	1.0
WP_209612259.1	WP_000433759.1	94.355	1.0
WP_209612260.1	WP_000406682.1	93.805	1.0
WP_209612262.1	WP_010875498.1	90.102	1.0
WP_209612264.1	WP_001863331.1	94.907	1.0093457943925233
WP_209612266.1	WP_001042337.1	97.339	0.9979570990806946
WP_209612268.1	WP_000208854.1	96.353	1.0
WP_209612270.1	WP_000885323.1	98.535	1.0
WP_209612272.1	WP_000388051.1	96.721	0.9945652173913043
WP_209612276.1	WP_000356995.1	93.673	1.0
WP_209612278.1	WP_000913670.1	96.667	1.0
WP_209612279.1	WP_000491853.1	93.566	1.0
WP_209612281.1	WP_000467802.1	96.998	1.0
WP_209612285.1	WP_000577404.1	94.146	1.0
WP_209612287.1	WP_001092132.1	92.872	1.0
WP_209612289.1	WP_000716806.1	95.238	1.0
WP_209612291.1	WP_042964681.1	91.677	1.0
WP_209612295.1	WP_000597558.1	94.665	1.0
WP_209612297.1	WP_000251148.1	98.722	1.0
WP_209612298.1	WP_001256425.1	96.534	1.0
WP_209612304.1	WP_000981767.1	94.66	1.0
WP_209612306.1	WP_000142409.1	93.867	1.0
WP_209612308.1	WP_000608576.1	97.007	1.0
WP_209612310.1	WP_000914884.1	97.443	1.0
WP_209612314.1	WP_000359859.1	95.982	1.0
WP_209612316.1	WP_000078602.1	96.067	1.0
WP_209612318.1	WP_000232258.1	92.188	1.0
WP_209612321.1	WP_000709741.1	92.208	1.0
WP_209612323.1	WP_000435648.1	97.758	0.9911111111111112
WP_209612327.1	WP_000943321.1	95.444	1.0
WP_209612329.1	WP_000577921.1	92.784	1.0
WP_209612331.1	WP_001210646.1	94.107	1.0
WP_209612333.1	WP_000346467.1	95.972	1.0
WP_209612337.1	WP_000346642.1	97.222	1.0
WP_209612339.1	WP_000714010.1	95.37	1.0
WP_209612341.1	WP_001862637.1	96.617	0.9978902953586498
WP_209612344.1	WP_001163504.1	93.134	1.0
WP_209612346.1	WP_001094036.1	95.616	1.0
WP_209612348.1	WP_001193216.1	96.499	1.0
WP_209612350.1	WP_001004848.1	96.305	1.0
WP_209612352.1	WP_000967300.1	96.667	1.0
WP_209612353.1	WP_000682431.1	93.113	1.0168539325842696
WP_209612355.1	WP_001862580.1	92.262	1.0
WP_209612357.1	WP_000355989.1	96.863	1.0
WP_209612359.1	WP_000633984.1	98.858	1.0
WP_209612361.1	WP_001862579.1	93.072	1.0
WP_209612362.1	WP_000822057.1	93.09	1.0
WP_209612364.1	WP_000659176.1	97.188	0.9968847352024922
WP_209612369.1	WP_000465229.1	97.598	1.0
WP_209612371.1	WP_000479410.1	98.458	1.0
WP_209612373.1	WP_001006979.1	95.396	1.0
WP_209612375.1	WP_000162004.1	92.105	1.0
WP_209612377.1	WP_001153763.1	96.618	1.0
WP_209612379.1	WP_001863432.1	91.608	0.910828025477707
WP_209612380.1	WP_000684509.1	98.163	1.0
WP_209612382.1	WP_001164049.1	98.618	1.0
WP_209612384.1	WP_001155571.1	95.13	1.0
WP_209612386.1	WP_001232624.1	95.333	1.0
WP_209612390.1	WP_042960807.1	95.522	0.9571428571428572
WP_209612392.1	WP_000227192.1	96.388	1.0
WP_209612395.1	WP_000532530.1	93.77	1.0
WP_209612397.1	WP_000346174.1	96.951	1.0
WP_209612399.1	WP_001016095.1	94.366	1.0
WP_209612406.1	WP_001197349.1	96.811	1.0
WP_209612408.1	WP_000924085.1	94.851	1.0
WP_209612410.1	WP_000357337.1	95.541	0.9936708860759493
WP_209612412.1	WP_001129409.1	98.34	1.0
WP_209612414.1	WP_001191311.1	95.132	1.0
WP_209612416.1	WP_001164436.1	95.625	0.9937888198757764
WP_209612420.1	WP_001174316.1	93.884	1.0
WP_209612422.1	WP_001119909.1	92.092	1.0
WP_209612424.1	WP_001094195.1	94.403	1.0
WP_209612425.1	WP_001294069.1	95.964	1.0
WP_209612427.1	WP_000892547.1	97.483	1.0
WP_209612431.1	WP_001220425.1	92.973	1.0
WP_209612432.1	WP_000481557.1	97.611	1.0034246575342465
WP_209612442.1	WP_000255244.1	98.898	1.0
WP_209612444.1	WP_000435642.1	96.766	1.0
WP_209612446.1	WP_000725309.1	93.182	1.0
WP_209612448.1	WP_001145994.1	91.375	0.9907621247113164
WP_209612450.1	WP_000588147.1	97.457	1.0
WP_209612451.1	WP_015056018.1	97.758	1.0
WP_209612453.1	WP_000786660.1	93.732	1.0
WP_209612455.1	WP_000468475.1	90.719	1.0
WP_209612457.1	WP_015056020.1	92.667	1.0
WP_209612460.1	WP_025444699.1	95.767	0.984375
WP_209612464.1	WP_025444692.1	90.578	1.0123076923076924
WP_209612466.1	WP_001862801.1	98.035	1.0043859649122806
WP_209612471.1	WP_010875513.1	96.507	1.011037527593819
WP_209612473.1	WP_000882683.1	94.444	1.0
WP_209612475.1	WP_000636902.1	93.195	1.0
WP_209612477.1	WP_000393659.1	95.965	1.0
WP_209612480.1	WP_000731297.1	94.94	1.0
WP_209612491.1	WP_042960818.1	97.609	1.0
WP_209612493.1	WP_001862939.1	96.624	1.0
WP_209612494.1	WP_015056073.1	96.86	1.0
WP_209612506.1	WP_000624398.1	94.8	1.0
WP_209612507.1	WP_015056091.1	95.322	1.0
WP_209612511.1	WP_000951935.1	94.697	0.99
WP_209612513.1	WP_000489051.1	94.199	1.0
WP_209612515.1	WP_000173978.1	96.196	0.989247311827957
WP_209612517.1	WP_029671489.1	96.382	1.0
WP_229017398.1	WP_229311982.1	96.071	1.0
WP_244965173.1	WP_000180871.1	94.839	1.0
WP_244965183.1	WP_000249737.1	96.467	1.0
WP_244965184.1	WP_000749307.1	94.815	0.974025974025974
WP_244965188.1	WP_000462295.1	92.786	1.0
WP_244965195.1	WP_000938081.1	94.34	1.0
WP_244965196.1	WP_241033027.1	97.032	1.0
WP_244965197.1	WP_025444715.1	96.819	1.0
WP_244965198.1	WP_229311991.1	96.371	1.0
WP_274610372.1	WP_001144410.1	93.793	1.0069444444444444
WP_274610379.1	WP_001863453.1	98.058	0.9716981132075472
